id,first_name,last_name,email,gender,ip_address
1,Hildegarde,Featherstonhalgh,hfeatherstonhalgh0@zimbio.com,Female,32.92.159.82
2,Bernette,Kalkofer,bkalkofer1@cisco.com,Female,38.113.47.96
3,Eleni,Ainge,eainge2@hugedomains.com,Female,126.233.239.23
4,Mason,Dreher,mdreher3@de.vu,Male,52.7.134.172
5,Mickie,Nannetti,mnannetti4@taobao.com,Polygender,51.4.48.8
6,Nert,Thring,nthring5@umn.edu,Female,147.36.54.25
7,Thaddeus,Darth,tdarth6@baidu.com,Male,201.197.185.164
8,Rosalia,Murname,rmurname7@ucla.edu,Polygender,52.184.42.145
9,Murdock,Philson,mphilson8@surveymonkey.com,Male,179.86.176.32
10,Twila,McCoish,tmccoish9@businesswire.com,Female,109.158.4.158
11,Lyndsay,Feetham,lfeethama@biblegateway.com,Female,143.17.197.251
12,Bertina,Binden,bbindenb@google.nl,Female,61.161.114.118
13,Norman,Campanelli,ncampanellic@walmart.com,Male,205.106.100.76
14,Cordi,Drane,cdraned@a8.net,Female,136.19.115.12
15,Giacinta,Shewan,gshewane@archive.org,Female,252.4.49.206
16,Franzen,Gunter,fgunterf@patch.com,Male,222.60.234.222
17,Willem,Fronzek,wfronzekg@wufoo.com,Male,24.255.118.13
18,Benoit,Smallman,bsmallmanh@oaic.gov.au,Male,143.149.11.144
19,Stanwood,Mora,smorai@yahoo.co.jp,Male,185.36.2.75
20,Omero,Morgen,omorgenj@w3.org,Genderqueer,112.209.33.34
21,Nataniel,Sucre,nsucrek@cisco.com,Male,128.253.162.17
22,Glyn,Fielden,gfieldenl@vinaora.com,Male,251.147.225.255
23,Alden,Elphick,aelphickm@cam.ac.uk,Male,82.44.126.218
24,Ivory,Sanzio,isanzion@yolasite.com,Female,23.61.97.50
25,Libbie,Whardley,lwhardleyo@xing.com,Female,92.241.94.214
26,Cleveland,Sapsford,csapsfordp@example.com,Male,235.190.184.38
27,Christian,Southgate,csouthgateq@umn.edu,Female,107.107.229.21
28,Roma,Lofting,rloftingr@naver.com,Male,165.67.120.155
29,Kata,Lenormand,klenormands@ask.com,Female,216.159.252.104
30,Nelli,Trevillion,ntrevilliont@jimdo.com,Female,235.127.204.235
31,Bessy,Duggan,bdugganu@seattletimes.com,Female,26.25.13.33
32,Helen,Andreoletti,handreolettiv@princeton.edu,Female,215.18.68.240
33,Roseanne,Webbe,rwebbew@myspace.com,Female,244.50.14.213
34,Darci,Stennings,dstenningsx@dailymotion.com,Female,40.81.209.124
35,Mufi,Carnelley,mcarnelleyy@meetup.com,Agender,80.46.171.102
36,Lucia,Bampfield,lbampfieldz@psu.edu,Female,145.29.244.193
37,Erwin,Letteresse,eletteresse10@mapquest.com,Genderfluid,75.101.218.37
38,Hilary,Alen,halen11@nydailynews.com,Male,10.177.138.108
39,Vickie,Keitley,vkeitley12@homestead.com,Genderfluid,105.75.18.26
40,Putnam,Walthew,pwalthew13@sun.com,Non-binary,199.82.223.200
41,Issie,Moffet,imoffet14@phpbb.com,Polygender,207.151.101.206
42,Hinda,Stearndale,hstearndale15@cisco.com,Female,213.63.210.228
43,Tulley,Pitway,tpitway16@google.com.br,Male,241.158.81.220
44,Sarah,Bickmore,sbickmore17@parallels.com,Female,2.129.52.111
45,Glenn,Doll,gdoll18@com.com,Female,159.197.166.16
46,Cassi,Rowbotham,crowbotham19@yandex.ru,Female,163.121.62.76
47,Nari,Nourse,nnourse1a@netscape.com,Female,205.111.154.167
48,Cristen,Parmiter,cparmiter1b@bloglovin.com,Female,141.248.237.179
49,Constance,Bloggett,cbloggett1c@typepad.com,Female,14.231.77.218
50,Gabe,Brick,gbrick1d@angelfire.com,Male,151.132.185.140
51,Tamera,Von Der Empten,tvonderempten1e@t.co,Female,173.195.199.24
52,Alli,Eichmann,aeichmann1f@psu.edu,Female,0.6.84.0
53,Germaine,Coggell,gcoggell1g@salon.com,Female,23.74.100.248
54,Nertie,Annandale,nannandale1h@vk.com,Female,74.159.195.203
55,Bennie,Sharpin,bsharpin1i@youtube.com,Male,186.165.224.52
56,Francesco,Franzman,ffranzman1j@netvibes.com,Male,110.49.96.139
57,Darda,Isles,disles1k@oracle.com,Female,138.178.248.179
58,Beverie,Antic,bantic1l@fda.gov,Female,108.199.47.118
59,Meagan,Fibben,mfibben1m@slideshare.net,Polygender,233.83.177.158
60,Opal,Boich,oboich1n@reference.com,Female,166.60.246.88
61,Howey,Conroy,hconroy1o@clickbank.net,Male,110.25.106.226
62,Kass,Littrik,klittrik1p@weather.com,Female,143.174.87.7
63,Price,Duddle,pduddle1q@jiathis.com,Male,207.235.247.87
64,Allys,Plumridege,aplumridege1r@oakley.com,Genderfluid,138.202.124.79
65,Meryl,Wingrove,mwingrove1s@google.co.jp,Male,182.69.167.158
66,Annetta,Damiral,adamiral1t@europa.eu,Female,195.25.81.29
67,Josh,Dalliwater,jdalliwater1u@google.es,Male,46.85.68.86
68,Elissa,Slewcock,eslewcock1v@facebook.com,Genderfluid,216.124.37.227
69,Eziechiele,Rylstone,erylstone1w@howstuffworks.com,Male,202.239.171.126
70,Torin,Kenna,tkenna1x@sfgate.com,Male,191.145.145.254
71,Zebadiah,Castanyer,zcastanyer1y@google.ru,Male,186.190.126.107
72,Meggie,Sidary,msidary1z@github.com,Female,141.168.186.127
73,Timmi,O'Grady,togrady20@slashdot.org,Female,26.165.95.156
74,Reginauld,Marden,rmarden21@desdev.cn,Male,129.121.106.99
75,Charlie,Thistleton,cthistleton22@4shared.com,Male,171.232.67.27
76,Allix,Imlen,aimlen23@theglobeandmail.com,Female,241.35.142.211
77,Isabeau,Toleman,itoleman24@51.la,Agender,64.73.54.103
78,Jarrad,Scamel,jscamel25@example.com,Male,19.255.213.206
79,Hobey,Skippings,hskippings26@wufoo.com,Male,142.99.159.86
80,Charla,Goodfellow,cgoodfellow27@noaa.gov,Female,217.112.28.198
81,Ricki,Creddon,rcreddon28@list-manage.com,Male,134.40.134.82
82,Wash,Nettles,wnettles29@cloudflare.com,Bigender,124.45.163.73
83,Giordano,McGenn,gmcgenn2a@vk.com,Male,41.162.118.169
84,Ashli,Lies,alies2b@istockphoto.com,Female,15.46.238.159
85,Agneta,Cheshir,acheshir2c@xinhuanet.com,Female,144.19.39.205
86,Fidelia,Carding,fcarding2d@quantcast.com,Female,215.70.62.11
87,Gilligan,Milazzo,gmilazzo2e@examiner.com,Female,95.33.44.6
88,Lennie,Haggidon,lhaggidon2f@twitpic.com,Male,108.163.110.25
89,Skippie,Klemensiewicz,sklemensiewicz2g@google.es,Male,51.204.144.26
90,Cull,Hastilow,chastilow2h@amazonaws.com,Male,108.58.58.135
91,Goddard,des Remedios,gdesremedios2i@ezinearticles.com,Male,45.3.82.130
92,Beckie,MacPaike,bmacpaike2j@dailymail.co.uk,Female,178.228.252.137
93,Regan,Goady,rgoady2k@quantcast.com,Male,68.205.18.228
94,Fayette,Cheers,fcheers2l@slate.com,Female,158.4.5.156
95,Rosie,Parlott,rparlott2m@jigsy.com,Female,72.186.27.70
96,Elana,Sherebrook,esherebrook2n@about.com,Female,47.242.22.245
97,Stefanie,Hentze,shentze2o@usgs.gov,Female,8.213.52.5
98,Carlyn,Berthomieu,cberthomieu2p@redcross.org,Female,11.108.114.170
99,Edy,Taylerson,etaylerson2q@discovery.com,Female,124.131.218.64
100,Hatty,Boswood,hboswood2r@smugmug.com,Female,75.145.22.55
101,Cornie,Thiese,cthiese2s@ted.com,Male,40.230.44.105
102,Bron,Floodgate,bfloodgate2t@sina.com.cn,Male,79.37.252.167
103,Patsy,Rummins,prummins2u@digg.com,Male,209.162.39.6
104,Eyde,Dymoke,edymoke2v@prnewswire.com,Female,7.243.160.128
105,Moise,Griffin,mgriffin2w@washingtonpost.com,Male,92.122.175.173
106,Herrick,Capron,hcapron2x@opensource.org,Male,41.37.168.162
107,Elmira,Stickens,estickens2y@unblog.fr,Female,97.105.92.112
108,Faustine,Nudds,fnudds2z@apple.com,Female,121.98.58.193
109,Maurits,Brasseur,mbrasseur30@google.com.hk,Male,21.61.232.118
110,Nikki,Vineall,nvineall31@cornell.edu,Male,222.145.117.22
111,Adrianne,Manuello,amanuello32@nymag.com,Female,111.190.128.197
112,Cordie,Cavolini,ccavolini33@dailymail.co.uk,Female,165.19.23.52
113,Edita,Dibb,edibb34@toplist.cz,Female,159.51.223.57
114,Eileen,Stolberger,estolberger35@foxnews.com,Female,42.74.29.110
115,Gardner,Perkin,gperkin36@senate.gov,Male,33.246.89.229
116,Field,Gath,fgath37@sitemeter.com,Male,154.58.190.64
117,Tomi,Delyth,tdelyth38@seesaa.net,Female,153.213.155.50
118,Cazzie,Rizzone,crizzone39@guardian.co.uk,Male,167.204.246.17
119,Sherry,Aulsford,saulsford3a@surveymonkey.com,Female,219.46.86.207
120,Haleigh,Bedell,hbedell3b@mozilla.com,Female,200.48.179.246
121,Tripp,O' Connell,toconnell3c@booking.com,Male,236.119.10.3
122,Kamila,Goldring,kgoldring3d@hatena.ne.jp,Bigender,62.96.205.52
123,Sheila,Lotwich,slotwich3e@paginegialle.it,Female,222.31.43.196
124,Emmy,Mallinar,emallinar3f@list-manage.com,Male,104.111.161.197
125,Herrick,Klassman,hklassman3g@microsoft.com,Male,59.46.41.136
126,James,Terzo,jterzo3h@ustream.tv,Male,12.88.107.20
127,Alta,Anthes,aanthes3i@netvibes.com,Female,219.239.131.4
128,Jorgan,Brightie,jbrightie3j@homestead.com,Male,110.74.211.246
129,Carleen,Hebblewaite,chebblewaite3k@jigsy.com,Female,197.109.27.205
130,Drucy,Biagi,dbiagi3l@jiathis.com,Female,89.7.123.172
131,Ardene,Goodlake,agoodlake3m@dell.com,Female,47.70.83.125
132,Karmen,Enderwick,kenderwick3n@wufoo.com,Female,247.181.183.55
133,Benoite,Brabbs,bbrabbs3o@freewebs.com,Female,178.254.76.249
134,Del,Piaggia,dpiaggia3p@nhs.uk,Female,74.26.190.32
135,Bartholomeus,Castenda,bcastenda3q@wordpress.com,Male,190.177.243.152
136,Beatrice,Wiszniewski,bwiszniewski3r@stumbleupon.com,Female,203.179.255.221
137,Hugo,Hallows,hhallows3s@mit.edu,Male,145.4.138.219
138,Phillip,Birchner,pbirchner3t@cafepress.com,Male,141.85.186.174
139,Grove,Alman,galman3u@altervista.org,Male,28.78.43.144
140,Aloise,Oneal,aoneal3v@theatlantic.com,Female,27.228.22.68
141,Delcine,Philliphs,dphilliphs3w@harvard.edu,Female,244.9.227.181
142,Christabella,Chasmar,cchasmar3x@bigcartel.com,Female,16.114.34.253
143,Stacia,Pheasant,spheasant3y@xing.com,Female,227.241.69.233
144,Katuscha,Buchett,kbuchett3z@biglobe.ne.jp,Female,87.24.106.220
145,Di,Ciraldo,dciraldo40@wikia.com,Female,92.101.135.160
146,Duffie,Djorvic,ddjorvic41@google.com.br,Male,115.29.151.77
147,Reagan,Brookbank,rbrookbank42@nyu.edu,Male,113.234.19.22
148,Merci,Giral,mgiral43@si.edu,Female,191.39.209.149
149,Ase,Pipkin,apipkin44@domainmarket.com,Male,196.15.190.122
150,Barny,Bartlosz,bbartlosz45@gnu.org,Male,236.254.167.35
151,Wilbur,Heavy,wheavy46@thetimes.co.uk,Male,189.59.140.233
152,Saul,Fordyce,sfordyce47@epa.gov,Male,141.50.49.95
153,Tibold,Atherley,tatherley48@naver.com,Male,206.226.69.163
154,Gibb,July,gjuly49@cdc.gov,Male,50.53.176.40
155,Filmore,MacKeig,fmackeig4a@smh.com.au,Male,225.40.91.125
156,Alvinia,Triggel,atriggel4b@bloomberg.com,Female,148.42.104.2
157,L;urette,Speake,lspeake4c@ehow.com,Female,98.6.78.26
158,Issy,Urry,iurry4d@mayoclinic.com,Non-binary,95.218.22.55
159,Wyndham,Biddlecombe,wbiddlecombe4e@webs.com,Male,42.64.9.224
160,Winni,Nusche,wnusche4f@domainmarket.com,Non-binary,28.99.55.69
161,Nana,Suarez,nsuarez4g@tripod.com,Female,211.121.5.170
162,Ariela,MacAscaidh,amacascaidh4h@google.com.br,Female,254.50.50.102
163,Marcie,Thormwell,mthormwell4i@howstuffworks.com,Female,82.98.139.186
164,Daryle,Pettegree,dpettegree4j@diigo.com,Male,36.111.173.121
165,Reba,Bracknell,rbracknell4k@flavors.me,Female,119.41.107.28
166,Ashlan,Von Der Empten,avonderempten4l@pen.io,Female,72.167.40.31
167,Yank,Waller-Bridge,ywallerbridge4m@amazonaws.com,Male,13.231.177.138
168,Kala,McLeese,kmcleese4n@xrea.com,Female,241.72.189.186
169,Gene,Chartre,gchartre4o@tripadvisor.com,Female,241.24.192.86
170,Nertie,Storch,nstorch4p@cdc.gov,Female,41.224.107.74
171,Milly,Quixley,mquixley4q@fda.gov,Female,36.149.220.87
172,Ryun,Stempe,rstempe4r@nydailynews.com,Genderqueer,122.33.170.232
173,Sim,Vial,svial4s@imageshack.us,Male,159.84.218.18
174,Diego,Jaynes,djaynes4t@furl.net,Male,90.218.84.113
175,Ernestus,Kisby,ekisby4u@zdnet.com,Male,128.175.138.173
176,Lucius,Slaughter,lslaughter4v@technorati.com,Agender,131.78.47.41
177,Aeriela,St. Queintain,astqueintain4w@youku.com,Female,69.106.91.124
178,Shae,Kimmerling,skimmerling4x@reddit.com,Male,140.39.59.168
179,Samaria,McQuorkel,smcquorkel4y@photobucket.com,Female,49.152.54.63
180,Wendall,Cometto,wcometto4z@nbcnews.com,Male,248.206.117.21
181,Elise,Baldcock,ebaldcock50@cloudflare.com,Polygender,149.151.125.102
182,Drucie,Latey,dlatey51@state.tx.us,Female,33.34.104.174
183,Odele,MacAlpine,omacalpine52@smugmug.com,Female,121.217.253.210
184,Claresta,De Giorgi,cdegiorgi53@statcounter.com,Female,28.216.72.178
185,Brockie,Brunotti,bbrunotti54@com.com,Male,73.25.106.39
186,Ermin,Binnie,ebinnie55@aboutads.info,Male,133.43.60.66
187,Cinda,Marguerite,cmarguerite56@vkontakte.ru,Female,112.57.2.247
188,Ruthe,Norledge,rnorledge57@reuters.com,Female,19.171.87.145
189,Stavros,Sarch,ssarch58@php.net,Male,246.19.199.180
190,Vinny,Hamber,vhamber59@desdev.cn,Male,176.6.175.233
191,Licha,Charrier,lcharrier5a@mashable.com,Female,242.214.202.23
192,Burke,Folca,bfolca5b@ox.ac.uk,Male,15.236.178.43
193,Dari,Veelers,dveelers5c@altervista.org,Female,87.191.88.34
194,Yance,Bridgeman,ybridgeman5d@google.com.au,Male,237.142.230.225
195,Damara,Poveleye,dpoveleye5e@printfriendly.com,Female,112.106.205.142
196,Rock,Naper,rnaper5f@un.org,Male,129.51.96.232
197,Rheta,John,rjohn5g@xing.com,Female,22.43.247.137
198,Richard,Outright,routright5h@reverbnation.com,Genderqueer,130.61.198.106
199,Konstantin,Dumsday,kdumsday5i@weebly.com,Male,41.188.182.81
200,Timoteo,Mackilpatrick,tmackilpatrick5j@zimbio.com,Male,85.165.76.197
201,Nikos,Wallentin,nwallentin5k@google.ca,Polygender,85.84.183.84
202,Laurene,Dyton,ldyton5l@jalbum.net,Female,246.90.247.45
203,Rea,Mayward,rmayward5m@de.vu,Female,161.209.102.199
204,Lexine,Laguerre,llaguerre5n@state.gov,Female,141.201.165.213
205,Anabal,Bellhanger,abellhanger5o@php.net,Female,176.218.225.167
206,Dionne,Tincknell,dtincknell5p@youku.com,Female,66.255.178.153
207,Donall,Bywater,dbywater5q@wikipedia.org,Male,137.57.170.10
208,Rafaelia,Coulbeck,rcoulbeck5r@studiopress.com,Female,218.126.165.172
209,Melanie,Allridge,mallridge5s@facebook.com,Female,206.39.41.91
210,Lilllie,Eadington,leadington5t@baidu.com,Female,248.22.195.11
211,Sloane,Rowney,srowney5u@utexas.edu,Male,232.112.134.216
212,Noah,Chasemore,nchasemore5v@va.gov,Male,65.196.103.65
213,Gates,Esposi,gesposi5w@csmonitor.com,Female,228.196.181.126
214,Linnet,Drohun,ldrohun5x@twitter.com,Female,5.117.241.144
215,Rosalynd,Dominicacci,rdominicacci5y@businessinsider.com,Female,248.249.240.36
216,Caesar,Alelsandrowicz,calelsandrowicz5z@spiegel.de,Male,120.72.199.141
217,Dalis,Wadeling,dwadeling60@diigo.com,Male,75.30.61.138
218,Paulita,Eannetta,peannetta61@hexun.com,Female,237.21.221.57
219,Bernardine,Madill,bmadill62@ezinearticles.com,Female,26.118.126.222
220,Natka,Brunet,nbrunet63@drupal.org,Female,129.254.52.7
221,Jasmine,Perocci,jperocci64@pen.io,Female,202.4.128.52
222,Lincoln,Venney,lvenney65@yellowbook.com,Male,108.125.59.76
223,Kara-lynn,Halbert,khalbert66@seattletimes.com,Female,210.130.143.250
224,Fons,Fahrenbach,ffahrenbach67@gnu.org,Male,164.181.97.124
225,Sigfried,Cloney,scloney68@dropbox.com,Male,247.255.25.109
226,Babita,Hurburt,bhurburt69@ovh.net,Female,91.105.28.13
227,Hayley,Calley,hcalley6a@netscape.com,Female,114.68.2.99
228,Rodd,Paolillo,rpaolillo6b@biblegateway.com,Male,223.143.227.62
229,Fairleigh,Linthead,flinthead6c@indiatimes.com,Male,46.138.242.190
230,Buck,Shorter,bshorter6d@ustream.tv,Male,42.154.169.205
231,Isak,Mease,imease6e@rakuten.co.jp,Male,151.30.36.116
232,Verena,Bruniges,vbruniges6f@senate.gov,Polygender,251.107.188.71
233,Marge,Simpkins,msimpkins6g@mysql.com,Female,240.151.173.57
234,Wheeler,Gandley,wgandley6h@harvard.edu,Male,86.43.153.50
235,Israel,D'eye,ideye6i@bizjournals.com,Male,6.82.89.244
236,Omar,Sheridan,osheridan6j@blogs.com,Male,171.149.52.81
237,Myranda,O'Cannovane,mocannovane6k@fda.gov,Female,234.31.252.195
238,Kerr,Parfett,kparfett6l@amazonaws.com,Agender,46.187.239.111
239,Emmeline,McLoney,emcloney6m@bluehost.com,Female,246.183.183.178
240,Elset,Pringle,epringle6n@marriott.com,Female,214.90.10.173
241,Teador,Billany,tbillany6o@kickstarter.com,Male,247.208.145.159
242,Rurik,Fitzer,rfitzer6p@liveinternet.ru,Male,91.198.3.1
243,Jerrie,Duggan,jduggan6q@1und1.de,Female,20.130.175.44
244,Marsh,Dubock,mdubock6r@hibu.com,Male,174.164.33.214
245,Aubrey,Tuffs,atuffs6s@archive.org,Female,136.165.38.80
246,Timotheus,Schenfisch,tschenfisch6t@mayoclinic.com,Male,61.243.217.62
247,Dannie,Negri,dnegri6u@clickbank.net,Female,134.129.31.104
248,Cull,Shepherd,cshepherd6v@nationalgeographic.com,Male,78.255.140.32
249,Ulrich,Edwin,uedwin6w@cpanel.net,Male,82.113.199.10
250,Kristal,Keener,kkeener6x@oakley.com,Female,181.80.13.174
251,Vinni,Klossek,vklossek6y@businessweek.com,Genderqueer,194.54.25.255
252,Imelda,Durante,idurante6z@ucoz.com,Female,221.216.68.140
253,Siana,Bernardino,sbernardino70@cafepress.com,Female,170.79.31.198
254,Juliet,Boat,jboat71@mysql.com,Female,174.78.162.144
255,Aurelea,Braganca,abraganca72@who.int,Female,113.70.105.254
256,Carlyle,Oldrey,coldrey73@archive.org,Male,7.59.30.155
257,Celia,Jouandet,cjouandet74@i2i.jp,Female,106.51.74.112
258,Geraldine,Hartup,ghartup75@sohu.com,Female,77.78.121.224
259,Clim,Grzelczak,cgrzelczak76@springer.com,Male,118.104.8.184
260,Kristopher,Richarson,kricharson77@i2i.jp,Male,188.16.119.223
261,Feodora,Lammers,flammers78@goo.gl,Female,221.5.30.204
262,Bud,Coal,bcoal79@hud.gov,Male,34.110.88.65
263,Ogdon,Agnolo,oagnolo7a@behance.net,Male,155.102.11.3
264,Elyn,Trippett,etrippett7b@mlb.com,Female,233.140.85.87
265,Rosana,Kembery,rkembery7c@geocities.jp,Bigender,89.53.189.155
266,Kiersten,Murdie,kmurdie7d@elegantthemes.com,Female,70.79.65.245
267,Robbie,Adrianello,radrianello7e@boston.com,Female,36.183.14.37
268,Cord,Cureton,ccureton7f@pbs.org,Male,220.23.86.5
269,Humphrey,Dunkersley,hdunkersley7g@addtoany.com,Male,101.79.147.5
270,Jobyna,Kenforth,jkenforth7h@ameblo.jp,Female,203.108.65.94
271,Deloria,Badger,dbadger7i@imgur.com,Female,74.248.61.180
272,Gage,Norquoy,gnorquoy7j@icq.com,Male,142.132.185.104
273,Levey,Woollends,lwoollends7k@cbc.ca,Male,3.63.21.5
274,Obidiah,Donat,odonat7l@devhub.com,Male,199.220.130.232
275,Alleyn,Trencher,atrencher7m@comsenz.com,Male,101.134.213.214
276,Phyllis,MacMenemy,pmacmenemy7n@mozilla.com,Female,177.140.230.255
277,Samuele,Schimke,sschimke7o@tripadvisor.com,Male,245.225.30.47
278,Romonda,Vannoni,rvannoni7p@slashdot.org,Polygender,87.116.196.96
279,Angelika,Axcell,aaxcell7q@google.it,Female,49.28.204.231
280,Justine,Risbridge,jrisbridge7r@discovery.com,Female,140.63.65.227
281,Chaddy,D'eath,cdeath7s@tripod.com,Male,103.196.53.71
282,Iosep,Smeaton,ismeaton7t@oracle.com,Male,103.142.103.234
283,Min,Barrand,mbarrand7u@army.mil,Female,128.69.171.105
284,Bonnee,Robberecht,brobberecht7v@yandex.ru,Bigender,226.15.14.244
285,Paige,Courcey,pcourcey7w@prnewswire.com,Female,100.35.160.129
286,Winnie,Quare,wquare7x@mysql.com,Male,44.117.249.231
287,Ivory,Lovemore,ilovemore7y@ovh.net,Female,168.67.121.137
288,Augustin,Tomblin,atomblin7z@earthlink.net,Male,96.25.13.208
289,Rodrique,Hackleton,rhackleton80@soundcloud.com,Male,233.82.46.40
290,Ange,Heffy,aheffy81@google.it,Polygender,18.12.155.115
291,Ike,Toplin,itoplin82@sun.com,Male,70.42.145.51
292,Harlen,Lethcoe,hlethcoe83@bluehost.com,Male,197.205.239.229
293,Debi,Jakubski,djakubski84@51.la,Female,223.177.115.193
294,Lynea,Rennenbach,lrennenbach85@issuu.com,Female,203.177.100.63
295,Leesa,Zorener,lzorener86@icq.com,Female,133.201.82.121
296,Ortensia,Meeking,omeeking87@live.com,Female,65.160.4.160
297,Charles,Piatkow,cpiatkow88@google.fr,Male,32.111.237.73
298,Asa,Bathersby,abathersby89@loc.gov,Male,2.223.210.151
299,Ganny,Cabena,gcabena8a@artisteer.com,Male,16.160.100.204
300,Adrienne,Sammars,asammars8b@istockphoto.com,Female,97.30.122.137
301,Abbey,Mussared,amussared8c@npr.org,Male,248.106.121.228
302,Corey,Meachen,cmeachen8d@bing.com,Female,178.251.9.190
303,Allayne,Dearman,adearman8e@wp.com,Male,195.66.2.75
304,Dickie,Sulley,dsulley8f@123-reg.co.uk,Male,86.89.112.99
305,Terencio,Skures,tskures8g@ftc.gov,Male,155.22.52.207
306,Izaak,Wymer,iwymer8h@hc360.com,Agender,240.59.142.185
307,Worth,Beedham,wbeedham8i@psu.edu,Male,252.85.252.133
308,Ruben,Cheson,rcheson8j@flavors.me,Male,234.186.15.160
309,Welby,Izaks,wizaks8k@stumbleupon.com,Male,71.119.178.3
310,Ricoriki,Stickel,rstickel8l@twitpic.com,Male,222.22.191.158
311,Fransisco,Brok,fbrok8m@theguardian.com,Male,112.48.224.184
312,Carlota,Guymer,cguymer8n@addthis.com,Female,23.212.140.83
313,Nadya,Pegden,npegden8o@constantcontact.com,Female,41.20.129.71
314,Antone,Wallbutton,awallbutton8p@arizona.edu,Male,206.111.211.223
315,Darn,Mussett,dmussett8q@bing.com,Male,70.110.218.69
316,Nydia,Warry,nwarry8r@who.int,Female,115.129.184.190
317,Nevin,Gittus,ngittus8s@yale.edu,Male,64.150.100.97
318,Liane,Kenchington,lkenchington8t@google.pl,Female,14.232.196.94
319,Calvin,Jacobowits,cjacobowits8u@blinklist.com,Male,22.78.126.225
320,Turner,Yashunin,tyashunin8v@mtv.com,Male,216.24.115.250
321,Melvin,Kauble,mkauble8w@mozilla.org,Polygender,55.59.127.231
322,Stephenie,Hallihane,shallihane8x@microsoft.com,Female,220.200.25.60
323,Claudine,Holleworth,cholleworth8y@people.com.cn,Female,63.36.196.150
324,Marcus,Brazier,mbrazier8z@example.com,Male,232.26.95.169
325,Freida,Portman,fportman90@shutterfly.com,Female,242.2.179.22
326,Henriette,Pigny,hpigny91@ehow.com,Female,238.132.199.171
327,Con,Brazil,cbrazil92@nasa.gov,Polygender,81.59.1.101
328,Nerta,Jerome,njerome93@marketwatch.com,Female,86.28.3.86
329,Charlot,Polden,cpolden94@jimdo.com,Female,108.128.196.153
330,Jacintha,Pape,jpape95@weather.com,Female,162.71.240.136
331,Nikki,Stacey,nstacey96@webeden.co.uk,Male,68.243.114.246
332,Ileana,Coomes,icoomes97@topsy.com,Female,219.233.123.96
333,Aleksandr,Carncross,acarncross98@livejournal.com,Male,71.41.234.172
334,Paquito,Harrill,pharrill99@nationalgeographic.com,Male,95.21.102.34
335,Berna,Rydzynski,brydzynski9a@digg.com,Female,178.31.9.171
336,Debora,Hollyland,dhollyland9b@posterous.com,Female,245.26.175.42
337,Harmonia,Sapena,hsapena9c@exblog.jp,Female,64.243.17.199
338,Dagny,Gerleit,dgerleit9d@liveinternet.ru,Male,3.239.146.173
339,Dell,Colten,dcolten9e@ebay.com,Female,142.197.231.147
340,Berthe,Colly,bcolly9f@yale.edu,Female,187.199.9.90
341,Issy,Dilger,idilger9g@twitpic.com,Female,153.138.213.239
342,Chloris,Avarne,cavarne9h@latimes.com,Genderfluid,40.222.243.107
343,Rudy,Breeton,rbreeton9i@sina.com.cn,Male,103.58.93.171
344,Malia,Swidenbank,mswidenbank9j@ed.gov,Female,51.14.154.137
345,Marybeth,Borgne,mborgne9k@t.co,Female,212.228.151.73
346,Jerrome,Di Biasi,jdibiasi9l@ycombinator.com,Male,163.121.33.104
347,Sisely,Boxhall,sboxhall9m@alibaba.com,Female,247.168.218.22
348,Erich,Blaske,eblaske9n@ebay.co.uk,Male,154.227.212.253
349,Maxwell,Mountcastle,mmountcastle9o@indiegogo.com,Male,19.191.4.127
350,Zarah,Georgeou,zgeorgeou9p@amazonaws.com,Female,177.229.33.57
351,Jack,Jeves,jjeves9q@seattletimes.com,Male,191.25.73.140
352,Lucio,Gellately,lgellately9r@nifty.com,Male,67.95.79.54
353,Iggy,Godding,igodding9s@dmoz.org,Male,164.203.62.39
354,Patrica,Kerby,pkerby9t@ning.com,Female,16.227.37.205
355,Antoine,Warlton,awarlton9u@cocolog-nifty.com,Male,197.161.210.50
356,Tadio,Tallent,ttallent9v@disqus.com,Male,166.105.2.179
357,Ruperto,Bernhard,rbernhard9w@ocn.ne.jp,Male,56.160.221.197
358,Lem,Whyborne,lwhyborne9x@youtube.com,Male,195.188.231.103
359,Minnnie,McKain,mmckain9y@is.gd,Female,22.185.113.213
360,Clarey,Vasin,cvasin9z@wp.com,Female,3.7.144.169
361,Diahann,Palffrey,dpalffreya0@blogs.com,Female,254.118.221.184
362,Rolland,Montel,rmontela1@discuz.net,Male,7.128.208.251
363,Rhona,Drewell,rdrewella2@auda.org.au,Female,172.15.166.204
364,Yorgos,Chastanet,ychastaneta3@xing.com,Polygender,118.22.176.91
365,Kora,Matczak,kmatczaka4@kickstarter.com,Female,238.63.14.108
366,Yvon,Dumphrey,ydumphreya5@nature.com,Male,20.36.154.207
367,Worden,Worsell,wworsella6@hatena.ne.jp,Male,95.121.138.4
368,Otis,Tainton,otaintona7@walmart.com,Male,230.154.76.200
369,Carmina,Grahlmans,cgrahlmansa8@weather.com,Female,130.220.69.34
370,Binny,Hurne,bhurnea9@parallels.com,Female,72.61.207.0
371,Fielding,Bestar,fbestaraa@studiopress.com,Male,12.132.18.173
372,Florrie,Massei,fmasseiab@youtu.be,Bigender,178.6.9.26
373,Verine,Bowe,vboweac@1und1.de,Female,175.225.44.150
374,Blinnie,Franek,bfranekad@mozilla.com,Female,190.159.250.152
375,Gallard,Colleer,gcolleerae@webeden.co.uk,Male,100.8.206.35
376,Tynan,Posvner,tposvneraf@answers.com,Male,210.144.92.39
377,Sheridan,Marte,smarteag@mac.com,Male,88.236.91.245
378,Aldous,Gettens,agettensah@digg.com,Male,224.84.157.185
379,Erik,McClarence,emcclarenceai@reference.com,Non-binary,241.97.244.190
380,Waly,Elwyn,welwynaj@1688.com,Female,191.211.244.100
381,Rollie,Deegin,rdeeginak@nps.gov,Male,9.215.1.147
382,Fay,Dripps,fdrippsal@jiathis.com,Female,175.205.178.11
383,Caroljean,Oxterby,coxterbyam@google.es,Female,158.231.211.224
384,Devi,Lark,dlarkan@addtoany.com,Female,23.47.46.191
385,Augy,Speares,aspearesao@constantcontact.com,Male,112.196.22.235
386,Allistir,Dickman,adickmanap@google.com.au,Male,138.65.119.9
387,Astra,Maciocia,amaciociaaq@booking.com,Female,63.233.225.107
388,Orson,Challicum,ochallicumar@deviantart.com,Male,8.22.61.38
389,Mano,Freed,mfreedas@webs.com,Male,223.200.74.128
390,Carrissa,Hattoe,chattoeat@boston.com,Female,20.85.76.200
391,Cesaro,Shireff,cshireffau@51.la,Male,83.216.187.124
392,Arly,Gwillyam,agwillyamav@blinklist.com,Female,93.138.93.253
393,Amata,Dannell,adannellaw@mashable.com,Female,238.218.29.163
394,Andra,Columbine,acolumbineax@sitemeter.com,Female,59.109.26.64
395,Margareta,Fidock,mfidockay@quantcast.com,Female,218.72.91.103
396,Tedman,Woollons,twoollonsaz@digg.com,Male,87.213.202.105
397,Lucky,Whisson,lwhissonb0@mit.edu,Female,186.164.37.211
398,Saudra,Otterwell,sotterwellb1@tamu.edu,Female,88.127.115.237
399,Chaunce,Tomisch,ctomischb2@paginegialle.it,Male,114.27.78.25
400,Perren,Jaouen,pjaouenb3@scientificamerican.com,Male,12.204.181.194
401,Dorolice,Gorgler,dgorglerb4@networksolutions.com,Polygender,74.254.59.99
402,Barron,Haighton,bhaightonb5@google.ru,Male,219.45.38.212
403,Lazarus,Arzu,larzub6@1688.com,Male,42.70.63.164
404,Dorotea,Cowe,dcoweb7@wix.com,Female,116.188.162.79
405,Felix,Croisdall,fcroisdallb8@examiner.com,Male,245.45.225.16
406,Chucho,Jennrich,cjennrichb9@psu.edu,Male,236.128.14.247
407,Gloriana,Pilgram,gpilgramba@behance.net,Female,141.248.29.66
408,Zena,Ney,zneybb@scientificamerican.com,Female,4.46.192.179
409,Adam,Boutellier,aboutellierbc@google.ca,Male,183.53.37.217
410,Lanae,Burmingham,lburminghambd@earthlink.net,Female,165.82.238.45
411,Meade,Chetter,mchetterbe@fastcompany.com,Polygender,28.106.184.206
412,Vincenty,D'Cruze,vdcruzebf@squarespace.com,Male,187.225.118.150
413,Hyacinthe,Keneforde,hkenefordebg@tinyurl.com,Female,58.8.28.210
414,George,Scibsey,gscibseybh@ovh.net,Male,58.119.113.14
415,Reg,Josuweit,rjosuweitbi@netlog.com,Male,179.217.69.229
416,Delmar,Goosey,dgooseybj@xinhuanet.com,Male,158.127.179.9
417,Armstrong,Ruff,aruffbk@fastcompany.com,Male,43.124.37.12
418,Mallory,Solesbury,msolesburybl@surveymonkey.com,Female,231.225.177.104
419,Felic,Steanyng,fsteanyngbm@sbwire.com,Male,33.189.109.240
420,Anette,Sells,asellsbn@livejournal.com,Female,45.150.66.186
421,Edyth,O'Gaven,eogavenbo@xinhuanet.com,Female,72.101.30.226
422,Noelle,Trevithick,ntrevithickbp@privacy.gov.au,Bigender,125.188.217.218
423,Kilian,Siderfin,ksiderfinbq@joomla.org,Male,238.137.94.82
424,Fulvia,McGillreich,fmcgillreichbr@eepurl.com,Polygender,108.221.218.76
425,Dyanne,Edelman,dedelmanbs@house.gov,Female,56.66.74.203
426,Robinson,Duce,rducebt@tumblr.com,Male,122.233.210.1
427,Tracy,Woehler,twoehlerbu@gov.uk,Female,64.47.22.157
428,Morgen,Blasio,mblasiobv@multiply.com,Female,9.74.220.172
429,Bev,Pulteneye,bpulteneyebw@sakura.ne.jp,Female,95.78.36.14
430,Alasteir,Hanscombe,ahanscombebx@a8.net,Male,66.137.238.248
431,Falkner,Hryncewicz,fhryncewiczby@biblegateway.com,Male,221.87.19.99
432,Wilden,Merrifield,wmerrifieldbz@youtu.be,Male,61.161.70.142
433,Shermy,Conahy,sconahyc0@redcross.org,Male,179.218.216.139
434,Fernanda,Godmar,fgodmarc1@e-recht24.de,Agender,185.175.35.115
435,Vinita,Crace,vcracec2@shinystat.com,Female,230.218.193.18
436,Brynn,Rivenzon,brivenzonc3@mashable.com,Female,172.84.81.193
437,Gunner,Crackett,gcrackettc4@yandex.ru,Male,252.63.60.217
438,Josi,Joney,jjoneyc5@gov.uk,Female,239.163.163.68
439,Toiboid,Philler,tphillerc6@deviantart.com,Male,166.2.219.21
440,Earvin,Petru,epetruc7@ustream.tv,Agender,87.36.151.75
441,Nicky,Charopen,ncharopenc8@homestead.com,Male,136.16.23.181
442,Leroy,Grindley,lgrindleyc9@unc.edu,Male,229.43.98.48
443,Saunder,Redfield,sredfieldca@elpais.com,Genderqueer,58.58.101.221
444,Steffen,Cuerdall,scuerdallcb@altervista.org,Male,207.222.99.5
445,Kathie,Immer,kimmercc@icio.us,Female,242.134.145.40
446,Donella,Blare,dblarecd@usda.gov,Female,161.154.181.68
447,Ginevra,Hughson,ghughsonce@gnu.org,Female,49.72.113.80
448,Ashely,Anglin,aanglincf@si.edu,Female,28.254.173.15
449,Brendis,Kingshott,bkingshottcg@so-net.ne.jp,Bigender,220.192.222.180
450,Rozanna,Durant,rdurantch@java.com,Female,122.8.161.22
451,Emmey,Fernihough,efernihoughci@ustream.tv,Female,77.98.61.103
452,Mano,Groarty,mgroartycj@sphinn.com,Male,125.79.132.112
453,Byrle,Beumant,bbeumantck@dell.com,Male,89.111.21.139
454,Norman,Hazeley,nhazeleycl@google.com.hk,Male,78.80.14.71
455,Lesley,Lushey,llusheycm@bizjournals.com,Female,213.34.141.20
456,Klaus,Lacroux,klacrouxcn@deliciousdays.com,Male,43.158.141.205
457,Frasquito,Bachanski,fbachanskico@auda.org.au,Male,116.29.112.105
458,Dasya,Fearon,dfearoncp@cafepress.com,Agender,158.114.116.0
459,Knox,Duffet,kduffetcq@clickbank.net,Male,183.77.5.171
460,Elwood,Adcock,eadcockcr@dailymotion.com,Male,1.197.12.112
461,Ailene,Spires,aspirescs@engadget.com,Bigender,194.83.135.182
462,Giusto,Cotte,gcottect@hexun.com,Male,168.38.209.62
463,Nicol,Reggler,nregglercu@harvard.edu,Female,100.92.129.8
464,Jesus,Vogelein,jvogeleincv@clickbank.net,Male,68.200.162.40
465,Pace,Sharphouse,psharphousecw@webs.com,Male,211.31.99.23
466,Nickolai,Busson,nbussoncx@163.com,Male,150.33.240.40
467,Nerte,Rieme,nriemecy@theatlantic.com,Female,76.89.204.235
468,Kira,Folcarelli,kfolcarellicz@tripadvisor.com,Female,193.75.10.8
469,Rachelle,Espinoza,respinozad0@imdb.com,Female,0.170.227.119
470,Rhodia,Aitcheson,raitchesond1@whitehouse.gov,Female,82.243.250.239
471,Claude,Ceschelli,cceschellid2@europa.eu,Genderfluid,62.227.207.85
472,Vidovic,Sharpous,vsharpousd3@google.ca,Male,111.127.23.154
473,Shurlock,Frantsev,sfrantsevd4@miitbeian.gov.cn,Male,188.83.199.227
474,Inger,Burndred,iburndredd5@51.la,Female,189.131.79.247
475,Ottilie,McGregor,omcgregord6@pcworld.com,Female,164.185.35.215
476,Sondra,Berntssen,sberntssend7@reddit.com,Female,46.226.214.186
477,Della,Digweed,ddigweedd8@jalbum.net,Female,171.54.217.184
478,Angelle,Mingotti,amingottid9@chron.com,Female,66.242.154.246
479,Brana,Blanko,bblankoda@tinypic.com,Genderqueer,225.29.235.242
480,Abbott,Hugenin,ahugenindb@sourceforge.net,Male,60.19.74.245
481,Donall,Trehearne,dtrehearnedc@sogou.com,Male,39.100.184.71
482,Micki,Girkins,mgirkinsdd@cyberchimps.com,Female,98.245.105.242
483,Toby,Elcomb,telcombde@bluehost.com,Male,239.125.207.195
484,Shalne,Cornell,scornelldf@1688.com,Female,173.16.123.222
485,Ilyse,Khotler,ikhotlerdg@si.edu,Female,234.38.129.142
486,Cariotta,Kaes,ckaesdh@newyorker.com,Female,175.24.255.170
487,Carroll,Yuill,cyuilldi@fda.gov,Male,85.213.171.113
488,Udale,Trubshawe,utrubshawedj@nationalgeographic.com,Male,164.146.107.245
489,Reinwald,Cowoppe,rcowoppedk@histats.com,Male,15.53.35.233
490,Maximilianus,Sleeman,msleemandl@independent.co.uk,Male,15.7.29.133
491,Stephanus,Kienl,skienldm@nih.gov,Male,238.166.2.35
492,Shurlocke,Peret,speretdn@opensource.org,Male,210.82.250.200
493,Moore,Petracco,mpetraccodo@pinterest.com,Male,128.255.168.153
494,Brig,Ciubutaro,bciubutarodp@constantcontact.com,Male,248.174.64.55
495,Cherilynn,Grahlmans,cgrahlmansdq@sfgate.com,Female,43.69.236.203
496,Lynette,McConachie,lmcconachiedr@craigslist.org,Female,226.22.70.46
497,Davon,Josef,djosefds@list-manage.com,Male,193.4.80.251
498,Trula,Kruschev,tkruschevdt@nytimes.com,Female,75.100.65.15
499,Dusty,Cantor,dcantordu@cocolog-nifty.com,Female,132.53.200.39
500,Jobyna,Hatherleigh,jhatherleighdv@usnews.com,Non-binary,116.124.179.155
501,Marlane,Kenneway,mkennewaydw@thetimes.co.uk,Female,108.18.212.137
502,Silvester,Faustian,sfaustiandx@whitehouse.gov,Male,190.164.184.106
503,Alfons,Sked,askeddy@moonfruit.com,Male,228.105.50.160
504,Mitch,Chatteris,mchatterisdz@addtoany.com,Male,243.142.47.73
505,Junie,Granham,jgranhame0@netlog.com,Female,67.99.142.20
506,Ron,Keenlayside,rkeenlaysidee1@bandcamp.com,Male,101.183.248.233
507,Aurlie,Laviss,alavisse2@chron.com,Female,21.73.218.254
508,Derick,Nodin,dnodine3@wunderground.com,Bigender,70.149.209.168
509,Dannye,Davidovitch,ddavidovitche4@cdc.gov,Female,59.26.27.80
510,Roch,Stubbe,rstubbee5@dagondesign.com,Female,242.133.160.141
511,Clarke,D'Aeth,cdaethe6@kickstarter.com,Male,194.93.114.82
512,Linette,Escot,lescote7@shutterfly.com,Female,26.56.53.7
513,Dyan,Doy,ddoye8@mashable.com,Female,82.87.78.120
514,Adiana,Pitcaithly,apitcaithlye9@nydailynews.com,Female,134.0.159.253
515,Loreen,Riccardi,lriccardiea@google.fr,Female,46.192.33.31
516,Carolynn,Batson,cbatsoneb@blinklist.com,Non-binary,29.9.145.50
517,Kiri,Mewha,kmewhaec@multiply.com,Female,114.213.120.88
518,Elna,McKirdy,emckirdyed@soundcloud.com,Female,133.47.158.149
519,Hamlin,Scones,hsconesee@newsvine.com,Male,99.50.115.132
520,Bran,Wrinch,bwrinchef@sbwire.com,Male,5.14.221.128
521,Bonnee,Hanbridge,bhanbridgeeg@mediafire.com,Female,216.154.228.76
522,Stanton,de Amaya,sdeamayaeh@guardian.co.uk,Male,119.253.54.239
523,Eden,Kopps,ekoppsei@xinhuanet.com,Female,248.240.171.200
524,Chris,Laybourne,claybourneej@statcounter.com,Male,72.102.2.190
525,Ilyse,Gilders,igildersek@japanpost.jp,Female,91.76.177.147
526,Jinny,McGiven,jmcgivenel@lulu.com,Female,234.43.197.65
527,Emlyn,Lampe,elampeem@sbwire.com,Genderqueer,219.51.217.255
528,Nelia,O'Geneay,nogeneayen@yellowbook.com,Female,198.116.61.172
529,Grissel,Waddell,gwaddelleo@virginia.edu,Female,123.8.17.22
530,Aldwin,Piddle,apiddleep@shinystat.com,Male,203.105.71.215
531,Teodoro,Twinning,ttwinningeq@twitpic.com,Male,36.12.113.145
532,Rudie,Lotherington,rlotheringtoner@patch.com,Bigender,8.112.222.175
533,Corbie,Nancarrow,cnancarrowes@scientificamerican.com,Male,57.157.14.129
534,Retha,Buncombe,rbuncombeet@elpais.com,Female,235.230.56.14
535,Ferdinanda,Kluger,fklugereu@smugmug.com,Polygender,48.67.183.158
536,Ferd,Eilles,feillesev@si.edu,Male,252.205.203.37
537,Cesare,Dekeyser,cdekeyserew@amazon.co.uk,Male,102.144.213.130
538,Blakeley,Abella,babellaex@myspace.com,Female,137.236.27.230
539,Hershel,Woloschinski,hwoloschinskiey@auda.org.au,Male,184.207.123.20
540,Dory,Start,dstartez@linkedin.com,Male,169.89.201.79
541,Aluin,Dubock,adubockf0@nature.com,Male,223.83.30.4
542,Konstanze,Bras,kbrasf1@cam.ac.uk,Female,227.179.228.87
543,Lorena,Guppie,lguppief2@free.fr,Female,63.88.8.203
544,Rebeka,Dumke,rdumkef3@blogspot.com,Female,228.236.134.224
545,De,Arnow,darnowf4@eepurl.com,Polygender,200.6.86.159
546,Leoline,Lyst,llystf5@ed.gov,Genderfluid,162.26.254.241
547,Dane,Saterthwait,dsaterthwaitf6@icio.us,Male,95.19.132.210
548,Genevieve,Rymell,grymellf7@techcrunch.com,Female,96.3.231.220
549,Bucky,Cuniam,bcuniamf8@mtv.com,Male,52.216.136.49
550,Lockwood,Sertin,lsertinf9@umn.edu,Male,36.188.239.28
551,Rasla,Laskey,rlaskeyfa@opera.com,Non-binary,97.75.161.90
552,Millie,McNutt,mmcnuttfb@about.com,Female,6.59.46.227
553,Symon,Shermore,sshermorefc@jimdo.com,Male,165.30.150.91
554,Denny,Brigham,dbrighamfd@businessinsider.com,Male,118.206.56.139
555,Aloin,Moohan,amoohanfe@mashable.com,Male,190.26.112.8
556,Bastian,Drejer,bdrejerff@washingtonpost.com,Male,131.91.143.174
557,Felisha,Gepheart,fgepheartfg@timesonline.co.uk,Female,1.195.106.92
558,Bryce,Jellett,bjellettfh@weather.com,Male,30.235.99.249
559,Fawne,Cullip,fcullipfi@cdc.gov,Female,75.12.236.4
560,Tandy,Chaudrelle,tchaudrellefj@xing.com,Female,145.7.228.18
561,Kore,Godbald,kgodbaldfk@etsy.com,Female,40.162.145.231
562,Rosabelle,Sprigings,rsprigingsfl@pcworld.com,Bigender,247.27.200.37
563,Miguela,Fever,mfeverfm@bing.com,Female,195.168.225.115
564,Tuesday,Winslade,twinsladefn@reddit.com,Female,189.31.99.134
565,Sibyl,Norquay,snorquayfo@cocolog-nifty.com,Female,118.154.238.181
566,Webb,Lehrer,wlehrerfp@wordpress.com,Male,239.145.116.171
567,Pren,Stelli,pstellifq@nih.gov,Polygender,114.230.100.132
568,Jorey,Wallbanks,jwallbanksfr@disqus.com,Female,45.83.6.239
569,Godiva,Arney,garneyfs@cbslocal.com,Female,93.44.160.133
570,Mariette,Kearley,mkearleyft@nydailynews.com,Female,244.100.39.35
571,Marlow,Heisler,mheislerfu@columbia.edu,Male,155.4.194.43
572,Petra,Desmond,pdesmondfv@sitemeter.com,Female,19.245.64.162
573,Ula,Goulter,ugoulterfw@usa.gov,Female,157.136.108.105
574,Henderson,Abbots,habbotsfx@fda.gov,Male,4.250.22.67
575,Costa,Wiltshear,cwiltshearfy@reddit.com,Male,183.248.191.208
576,Tomas,Hayesman,thayesmanfz@joomla.org,Male,159.32.108.137
577,Cyndia,Bilbrook,cbilbrookg0@unesco.org,Female,124.226.105.119
578,Eustace,Turmall,eturmallg1@csmonitor.com,Male,84.51.175.210
579,Aubrie,O'Flaverty,aoflavertyg2@msu.edu,Genderqueer,148.146.64.45
580,Benedicta,Vedyashkin,bvedyashking3@networkadvertising.org,Female,227.14.142.201
581,Devin,McGebenay,dmcgebenayg4@springer.com,Male,28.191.21.53
582,Verne,Repp,vreppg5@phpbb.com,Male,172.180.225.232
583,Nettie,Dermott,ndermottg6@google.pl,Female,75.85.94.16
584,Carmela,Jacquet,cjacquetg7@edublogs.org,Female,76.204.166.179
585,Sumner,Padula,spadulag8@google.com,Male,145.41.155.145
586,Toni,Rottcher,trottcherg9@oaic.gov.au,Female,154.215.213.51
587,Conrad,Balstone,cbalstonega@about.com,Male,200.65.11.143
588,Kenneth,Francisco,kfranciscogb@sitemeter.com,Male,95.237.43.58
589,Brigida,Kubelka,bkubelkagc@bravesites.com,Female,104.76.212.205
590,Calli,Duff,cduffgd@infoseek.co.jp,Female,181.129.130.8
591,Armando,Aldersey,aalderseyge@bluehost.com,Male,123.150.29.124
592,Aurelea,Tardiff,atardiffgf@europa.eu,Female,176.18.183.154
593,Archer,McKeran,amckerangg@sphinn.com,Male,77.248.178.12
594,Barnie,Pessold,bpessoldgh@over-blog.com,Male,221.43.82.102
595,Reggy,Tinsley,rtinsleygi@imgur.com,Male,110.197.127.253
596,Brendan,Seggie,bseggiegj@usda.gov,Male,187.20.7.0
597,Danella,Tollerton,dtollertongk@rediff.com,Female,62.5.36.118
598,Deloria,Bouldon,dbouldongl@privacy.gov.au,Female,227.82.187.23
599,Valera,Iglesia,viglesiagm@soundcloud.com,Female,45.189.151.124
600,Shermie,Mogra,smogragn@apple.com,Male,29.136.107.144
601,Brennan,Yetman,byetmango@cornell.edu,Male,120.232.123.27
602,Ernst,Ronisch,eronischgp@google.com.br,Non-binary,110.235.223.221
603,Sharia,Beevis,sbeevisgq@yellowpages.com,Female,90.116.122.176
604,Wilt,Gyorgy,wgyorgygr@amazonaws.com,Male,185.197.109.144
605,Ranee,Bimrose,rbimrosegs@bigcartel.com,Female,201.248.46.169
606,Anatollo,Quartermaine,aquartermainegt@hostgator.com,Male,40.159.187.42
607,Annadiana,Garretson,agarretsongu@independent.co.uk,Female,119.118.58.86
608,Yancey,O'Henery,yohenerygv@toplist.cz,Male,212.141.232.111
609,Benyamin,Latore,blatoregw@bloglovin.com,Male,162.78.100.93
610,Annis,Brobak,abrobakgx@utexas.edu,Female,156.232.48.92
611,Germaine,Dando,gdandogy@state.gov,Female,209.12.217.72
612,Roosevelt,Avraam,ravraamgz@apache.org,Male,61.177.249.214
613,Demetris,Calabry,dcalabryh0@stanford.edu,Male,193.252.185.101
614,Garv,Vautier,gvautierh1@google.com,Genderfluid,211.182.127.193
615,Renard,Peto,rpetoh2@list-manage.com,Male,3.114.164.135
616,Bartholemy,Dutnell,bdutnellh3@de.vu,Male,139.8.159.44
617,Merle,Brazear,mbrazearh4@archive.org,Polygender,236.158.159.190
618,Storm,Farren,sfarrenh5@ameblo.jp,Non-binary,131.99.28.187
619,Aldridge,Staynes,astaynesh6@networksolutions.com,Male,79.51.15.242
620,Dorise,Seefus,dseefush7@printfriendly.com,Female,243.54.25.196
621,Sarena,Calley,scalleyh8@bloglines.com,Genderfluid,27.18.171.87
622,Gaby,Belderfield,gbelderfieldh9@dmoz.org,Female,199.143.5.122
623,Kyrstin,Stratten,kstrattenha@webs.com,Female,15.186.162.14
624,Abner,Spencley,aspencleyhb@360.cn,Male,158.209.236.249
625,Ashleigh,Mingardi,amingardihc@europa.eu,Female,80.95.224.193
626,Winne,Horstead,whorsteadhd@nymag.com,Female,85.81.186.204
627,Wilfred,Mitchiner,wmitchinerhe@ning.com,Male,20.16.164.146
628,Devondra,Lougheid,dlougheidhf@yahoo.com,Female,244.231.212.109
629,Sylvia,Libbe,slibbehg@ucoz.com,Female,91.74.48.5
630,Nels,Speirs,nspeirshh@bluehost.com,Male,13.53.189.192
631,Almeria,Ledley,aledleyhi@un.org,Genderqueer,66.230.236.242
632,Kaycee,Shirrell,kshirrellhj@weather.com,Female,118.188.196.104
633,Kaine,Chad,kchadhk@dot.gov,Male,247.63.245.70
634,Dave,Drexel,ddrexelhl@google.co.jp,Male,52.4.193.216
635,Dosi,Lalley,dlalleyhm@state.gov,Female,91.58.219.89
636,Gabriell,Roscow,groscowhn@jugem.jp,Female,243.80.140.243
637,Ade,Farnaby,afarnabyho@berkeley.edu,Male,13.80.46.164
638,Bryna,Rings,bringshp@state.gov,Female,68.154.44.126
639,Barthel,Joinsey,bjoinseyhq@clickbank.net,Male,48.130.15.227
640,Jo-anne,Bettinson,jbettinsonhr@miitbeian.gov.cn,Female,220.60.28.72
641,Arvin,Zanazzi,azanazzihs@posterous.com,Non-binary,98.243.85.236
642,Cornelia,Welbrock,cwelbrockht@goo.gl,Female,85.238.208.199
643,Thibaut,Cote,tcotehu@cbsnews.com,Male,7.187.131.172
644,Cristiano,Carhart,ccarharthv@sourceforge.net,Male,218.178.62.1
645,Daryl,O'Shevlin,doshevlinhw@timesonline.co.uk,Female,197.233.125.166
646,Ric,Stearley,rstearleyhx@globo.com,Non-binary,202.253.185.47
647,Guilbert,Eaddy,geaddyhy@opensource.org,Male,12.89.142.151
648,Hansiain,Geaveny,hgeavenyhz@theguardian.com,Male,220.44.171.15
649,Rowan,Kincla,rkinclai0@twitpic.com,Male,212.134.135.235
650,Marcellus,Kinnear,mkinneari1@globo.com,Male,155.105.195.9
651,Muhammad,Alvey,malveyi2@businesswire.com,Male,108.137.203.244
652,Meredith,Ensley,mensleyi3@arstechnica.com,Female,67.29.17.86
653,Nanny,Whatling,nwhatlingi4@tuttocitta.it,Female,142.4.208.159
654,Shellie,Stovold,sstovoldi5@people.com.cn,Female,12.34.89.35
655,Charline,Jeste,cjestei6@youku.com,Female,92.127.97.95
656,Billy,Beaconsall,bbeaconsalli7@eventbrite.com,Male,202.148.179.179
657,Emelina,Pletts,eplettsi8@moonfruit.com,Female,54.195.121.192
658,Kalie,Yousef,kyousefi9@list-manage.com,Female,15.254.45.123
659,Xenia,Rawlings,xrawlingsia@devhub.com,Female,157.2.83.65
660,Marchelle,Beadel,mbeadelib@oracle.com,Female,185.14.32.184
661,Darice,George,dgeorgeic@technorati.com,Female,164.219.106.49
662,Randell,Shivlin,rshivlinid@soup.io,Male,56.8.9.59
663,Yasmin,Nunn,ynunnie@elegantthemes.com,Female,60.50.160.124
664,Chryste,Coffelt,ccoffeltif@instagram.com,Female,92.141.94.31
665,Wilden,Di Ruggiero,wdiruggieroig@cafepress.com,Male,93.146.162.240
666,Linnea,Bockings,lbockingsih@domainmarket.com,Female,30.214.201.16
667,Nickie,Brazear,nbrazearii@yandex.ru,Male,137.15.40.149
668,Hobard,Bantham,hbanthamij@usatoday.com,Male,155.39.21.45
669,Gallagher,Thiese,gthieseik@skype.com,Male,161.41.11.90
670,Riordan,Aisthorpe,raisthorpeil@biblegateway.com,Male,205.241.48.17
671,Casey,Lexa,clexaim@photobucket.com,Male,230.97.6.161
672,Paolina,Orwin,porwinin@bloglines.com,Female,149.209.104.128
673,Ambrosi,Staveley,astaveleyio@miibeian.gov.cn,Male,157.123.83.90
674,Rickert,Palister,rpalisterip@omniture.com,Male,220.146.14.156
675,Rossy,Lefort,rlefortiq@acquirethisname.com,Male,166.110.91.168
676,Basile,Mathon,bmathonir@indiegogo.com,Male,97.157.12.86
677,Hurley,Lampen,hlampenis@geocities.jp,Male,7.143.11.68
678,Marlane,Dows,mdowsit@apple.com,Female,52.210.226.23
679,Vida,Hatzar,vhatzariu@wix.com,Female,59.94.127.118
680,Abba,Handscombe,ahandscombeiv@omniture.com,Male,9.194.131.173
681,Kinna,Titlow,ktitlowiw@mozilla.org,Female,2.179.115.96
682,Benny,Sansbury,bsansburyix@noaa.gov,Female,162.120.99.51
683,Desdemona,Pendleberry,dpendleberryiy@deviantart.com,Female,111.50.6.179
684,Glenn,Akerman,gakermaniz@china.com.cn,Male,195.75.175.73
685,Stearne,Busse,sbussej0@wix.com,Male,37.108.115.14
686,Wilhelmina,Perulli,wperullij1@businessweek.com,Female,145.26.174.61
687,Xaviera,Castelot,xcastelotj2@tinyurl.com,Female,36.81.169.239
688,Morgan,Talby,mtalbyj3@google.de,Male,4.136.166.102
689,Pyotr,Franceschi,pfranceschij4@slideshare.net,Male,21.102.62.133
690,Jessamyn,Crumb,jcrumbj5@over-blog.com,Female,236.43.155.36
691,Olivie,Wagner,owagnerj6@cnet.com,Female,148.229.148.92
692,Sanson,Dudman,sdudmanj7@github.io,Male,33.24.24.45
693,Yolanda,Latore,ylatorej8@weebly.com,Female,125.101.53.52
694,Corrine,Desforges,cdesforgesj9@spotify.com,Female,94.54.247.49
695,Sherilyn,Lammertz,slammertzja@illinois.edu,Female,16.254.233.154
696,Zita,Yetton,zyettonjb@ebay.co.uk,Female,81.44.237.69
697,Holmes,Florentine,hflorentinejc@soundcloud.com,Genderqueer,26.213.247.90
698,Neall,Stanistrete,nstanistretejd@wisc.edu,Bigender,19.246.174.111
699,Fraser,Besnardeau,fbesnardeauje@clickbank.net,Male,42.0.68.37
700,Lem,Kenefick,lkenefickjf@comsenz.com,Male,243.69.88.69
701,Brietta,Wrathall,bwrathalljg@marketwatch.com,Female,22.66.192.131
702,Teador,Adamsson,tadamssonjh@cbc.ca,Male,60.20.145.167
703,Scott,Balam,sbalamji@4shared.com,Male,138.113.175.181
704,Rodney,Simpole,rsimpolejj@wsj.com,Male,252.11.31.82
705,Toinette,Hobben,thobbenjk@macromedia.com,Female,2.178.34.126
706,Lyndsay,Lindenman,llindenmanjl@amazon.de,Female,129.122.56.175
707,Kacey,Kinny,kkinnyjm@google.com.au,Female,143.253.47.86
708,Siobhan,Faulkner,sfaulknerjn@surveymonkey.com,Female,152.246.172.0
709,Dynah,Tuny,dtunyjo@ca.gov,Female,156.134.149.69
710,Russ,McKeeman,rmckeemanjp@yellowpages.com,Male,6.135.132.58
711,Birk,Priddy,bpriddyjq@icio.us,Male,156.239.86.0
712,Anstice,Foort,afoortjr@businessinsider.com,Female,114.68.201.202
713,Hadley,Balfe,hbalfejs@flickr.com,Male,219.166.54.161
714,Clive,Kelling,ckellingjt@ihg.com,Male,214.240.37.169
715,Laurens,Blacker,lblackerju@naver.com,Male,83.148.194.65
716,Doreen,Buist,dbuistjv@ft.com,Female,126.99.24.227
717,Matilda,Terrelly,mterrellyjw@exblog.jp,Female,164.22.86.39
718,Etty,Stores,estoresjx@ning.com,Female,252.101.228.56
719,Adrian,Minards,aminardsjy@last.fm,Bigender,80.21.156.129
720,Alvie,McKinty,amckintyjz@vinaora.com,Male,222.15.165.32
721,Ronny,Daymond,rdaymondk0@flickr.com,Male,131.228.208.227
722,Herschel,Schaffler,hschafflerk1@archive.org,Male,111.141.105.215
723,Kassie,Antcliffe,kantcliffek2@irs.gov,Female,132.42.30.89
724,Dudley,Jeschner,djeschnerk3@sfgate.com,Male,31.143.209.9
725,Libbey,Brand,lbrandk4@over-blog.com,Female,150.176.217.145
726,Nefen,Weddeburn,nweddeburnk5@example.com,Male,224.221.207.125
727,Donaugh,Gillooly,dgilloolyk6@about.com,Male,202.91.116.231
728,Gannie,Pendrigh,gpendrighk7@nba.com,Male,10.72.216.32
729,Irma,Pfeffle,ipfefflek8@livejournal.com,Female,106.236.126.35
730,Natka,Sunshine,nsunshinek9@uiuc.edu,Female,86.215.156.197
731,Barny,Rablan,brablanka@stanford.edu,Male,90.83.70.127
732,Barnebas,Cavolini,bcavolinikb@xinhuanet.com,Male,163.17.115.36
733,Edward,Barrott,ebarrottkc@behance.net,Male,199.193.200.133
734,Lucien,Winfindine,lwinfindinekd@ezinearticles.com,Male,196.51.166.119
735,Liane,Zuker,lzukerke@lulu.com,Female,245.242.208.146
736,Doroteya,Hancock,dhancockkf@bbb.org,Female,184.64.67.147
737,Lancelot,Dodds,ldoddskg@posterous.com,Non-binary,110.210.28.253
738,Brena,Nulty,bnultykh@nymag.com,Female,84.132.11.20
739,Hughie,Milkeham,hmilkehamki@opera.com,Non-binary,210.144.225.234
740,Kellyann,Insko,kinskokj@tripadvisor.com,Female,78.214.44.53
741,Ofelia,Hakes,ohakeskk@edublogs.org,Female,7.204.131.162
742,Sayre,Bandey,sbandeykl@boston.com,Female,30.77.194.143
743,Rickert,Flaws,rflawskm@fotki.com,Male,24.206.170.41
744,Janie,Natt,jnattkn@artisteer.com,Female,103.119.89.67
745,Orren,Jobling,ojoblingko@cafepress.com,Male,28.186.19.54
746,Bendix,Saltern,bsalternkp@google.pl,Male,144.156.15.31
747,Enrico,Peile,epeilekq@altervista.org,Male,161.102.214.204
748,Noak,Hariot,nhariotkr@tuttocitta.it,Male,62.148.77.10
749,Gan,MacDearmaid,gmacdearmaidks@constantcontact.com,Male,35.248.196.19
750,Mignon,Mohring,mmohringkt@techcrunch.com,Female,29.52.186.137
751,Dalia,de Chastelain,ddechastelainku@1688.com,Female,143.165.27.22
752,Benton,Smithson,bsmithsonkv@com.com,Male,249.201.144.6
753,Guglielma,Dinnington,gdinningtonkw@noaa.gov,Female,93.23.231.69
754,Charlie,McTrustam,cmctrustamkx@spotify.com,Male,125.66.169.36
755,Martita,Dunkerton,mdunkertonky@nydailynews.com,Female,163.232.210.188
756,Esteban,Stannett,estannettkz@miitbeian.gov.cn,Male,61.8.181.253
757,Stewart,Brodest,sbrodestl0@blinklist.com,Male,79.212.193.233
758,Saloma,Fidele,sfidelel1@prnewswire.com,Female,10.124.227.0
759,Marcia,Fereday,mferedayl2@nsw.gov.au,Genderfluid,13.184.221.42
760,Sabra,Seydlitz,sseydlitzl3@imdb.com,Female,220.155.251.102
761,Edee,Wanek,ewanekl4@tripadvisor.com,Female,180.105.156.216
762,Pansy,Scardafield,pscardafieldl5@sbwire.com,Female,6.227.24.90
763,Tadd,Gensavage,tgensavagel6@wp.com,Male,223.254.54.26
764,Fey,Heymes,fheymesl7@dagondesign.com,Female,19.75.244.220
765,Alica,Wooler,awoolerl8@symantec.com,Female,64.44.130.100
766,Karlie,McLenahan,kmclenahanl9@dell.com,Female,35.73.83.13
767,Quillan,Welberry,qwelberryla@unicef.org,Male,11.135.130.194
768,Skippy,Idwal Evans,sidwalevanslb@upenn.edu,Male,106.202.117.163
769,Elton,Sorley,esorleylc@eepurl.com,Male,18.29.183.120
770,Shalom,Devereu,sdevereuld@princeton.edu,Male,51.26.79.18
771,Sergio,Hammerman,shammermanle@amazonaws.com,Male,189.85.3.96
772,Linnell,Baterip,lbateriplf@sourceforge.net,Female,171.191.203.240
773,Toddie,Vakhonin,tvakhoninlg@qq.com,Male,88.7.186.39
774,Randie,Sallows,rsallowslh@parallels.com,Female,65.234.70.45
775,Neddie,Sergeaunt,nsergeauntli@constantcontact.com,Male,224.127.198.13
776,Jeramie,Rogans,jroganslj@lycos.com,Male,242.62.37.38
777,Earvin,Gritsunov,egritsunovlk@dell.com,Male,78.102.22.38
778,Niccolo,Acres,nacresll@msn.com,Male,121.169.166.115
779,Carin,Rehor,crehorlm@bizjournals.com,Genderfluid,216.85.107.177
780,Harland,Schaben,hschabenln@statcounter.com,Male,61.163.152.156
781,Kendricks,MacGeaney,kmacgeaneylo@foxnews.com,Male,195.120.119.157
782,Douglass,Boughey,dbougheylp@un.org,Male,68.46.75.140
783,Walt,Goring,wgoringlq@networkadvertising.org,Agender,27.218.13.40
784,Codi,Keniwell,ckeniwelllr@gnu.org,Male,54.148.156.152
785,Melva,Santorini,msantorinils@nbcnews.com,Female,99.177.69.193
786,D'arcy,Hallitt,dhallittlt@sfgate.com,Male,191.88.50.249
787,Alfie,Fauguel,afauguellu@ed.gov,Female,112.176.201.19
788,Barny,Culross,bculrosslv@hud.gov,Male,245.48.56.249
789,Letti,Myrick,lmyricklw@networkadvertising.org,Genderfluid,5.118.66.27
790,Wit,Divill,wdivilllx@networkadvertising.org,Male,107.33.93.103
791,Merrel,Kelleher,mkelleherly@discuz.net,Male,192.134.68.159
792,Elita,Goligly,egoliglylz@geocities.jp,Non-binary,151.219.231.104
793,Levy,Tumielli,ltumiellim0@gravatar.com,Male,100.216.254.51
794,Donall,O'Doherty,dodohertym1@unblog.fr,Male,90.135.201.20
795,Nancey,Cousins,ncousinsm2@samsung.com,Agender,168.245.197.247
796,Orran,Fley,ofleym3@123-reg.co.uk,Male,202.93.69.195
797,Linus,MacVaugh,lmacvaughm4@wufoo.com,Male,162.24.175.94
798,Salomone,Linzey,slinzeym5@latimes.com,Male,26.236.65.151
799,Laraine,Dorman,ldormanm6@github.io,Female,210.174.217.176
800,Jakob,Dorrins,jdorrinsm7@cargocollective.com,Male,57.190.106.118
801,Noel,Elizabeth,nelizabethm8@360.cn,Female,109.118.3.234
802,Mar,Hannan,mhannanm9@craigslist.org,Male,7.202.44.205
803,Bryan,Simoncini,bsimoncinima@irs.gov,Male,81.159.169.218
804,Ravid,Gallaway,rgallawaymb@seesaa.net,Male,32.36.98.158
805,Bjorn,Orleton,borletonmc@theglobeandmail.com,Male,85.109.224.114
806,Gusty,Gallaccio,ggallacciomd@google.es,Female,16.8.209.220
807,Deirdre,Jordin,djordinme@mayoclinic.com,Female,2.220.32.164
808,Dwain,Nussgen,dnussgenmf@zdnet.com,Genderqueer,78.149.74.152
809,Francklin,Hardern,fhardernmg@google.fr,Male,136.147.229.113
810,Fey,Colbron,fcolbronmh@macromedia.com,Female,96.164.239.6
811,Sharity,Jephcott,sjephcottmi@discovery.com,Female,179.155.249.98
812,Zorine,Commuzzo,zcommuzzomj@surveymonkey.com,Polygender,69.127.154.252
813,Kata,Pie,kpiemk@army.mil,Female,53.238.127.157
814,Jarred,Ilyenko,jilyenkoml@google.fr,Male,173.158.53.158
815,Kerr,Mattis,kmattismm@samsung.com,Male,56.238.109.190
816,Geneva,Gradwell,ggradwellmn@mozilla.org,Female,1.207.205.231
817,Fred,Spilstead,fspilsteadmo@tamu.edu,Female,255.208.130.128
818,Monty,Mewitt,mmewittmp@discovery.com,Male,7.71.95.65
819,Mort,Durant,mdurantmq@dmoz.org,Male,145.220.142.158
820,Wallis,Sey,wseymr@jigsy.com,Female,220.130.46.2
821,Kalil,Blunn,kblunnms@drupal.org,Male,38.173.248.98
822,Berkly,Napoleon,bnapoleonmt@github.com,Male,31.197.253.230
823,Alikee,Spini,aspinimu@intel.com,Female,8.98.45.19
824,Etienne,Chorlton,echorltonmv@pagesperso-orange.fr,Male,12.167.150.255
825,Ware,Maccrea,wmaccreamw@lulu.com,Male,173.94.176.44
826,Shurlocke,Itzkovwitch,sitzkovwitchmx@unc.edu,Male,241.67.175.211
827,Marta,Rosenstengel,mrosenstengelmy@tamu.edu,Female,209.153.195.45
828,Rogers,Redhouse,rredhousemz@github.io,Male,156.214.215.88
829,Puff,Lovatt,plovattn0@ucoz.ru,Male,45.54.108.184
830,Stephen,Light,slightn1@who.int,Male,233.65.137.139
831,Abbe,Bridson,abridsonn2@163.com,Male,63.212.20.18
832,Prudence,Torpie,ptorpien3@nhs.uk,Female,210.247.174.221
833,Hanna,Geekie,hgeekien4@narod.ru,Female,41.216.177.14
834,Dorelia,Grugerr,dgrugerrn5@vistaprint.com,Female,229.253.177.229
835,Adeline,Videler,avidelern6@narod.ru,Female,9.202.177.2
836,Darren,Clemintoni,dclemintonin7@vimeo.com,Male,67.193.161.130
837,Reta,Gemlett,rgemlettn8@icq.com,Female,167.61.224.54
838,Birch,Hoff,bhoffn9@live.com,Male,226.143.46.114
839,Colman,Pablo,cpablona@aboutads.info,Male,191.29.117.181
840,Jennilee,Treacy,jtreacynb@4shared.com,Female,244.129.92.99
841,Mercedes,O'Carroll,mocarrollnc@joomla.org,Female,8.245.46.91
842,Tomlin,Duckers,tduckersnd@over-blog.com,Male,235.133.11.9
843,Keslie,Bouchier,kbouchierne@hugedomains.com,Female,246.112.114.71
844,Rhianon,Shreve,rshrevenf@wikipedia.org,Female,6.155.122.123
845,Shalna,Tomaello,stomaellong@telegraph.co.uk,Female,199.197.99.233
846,Karisa,Vautrey,kvautreynh@japanpost.jp,Female,65.79.201.66
847,Archibold,Fery,aferyni@php.net,Male,44.222.145.239
848,Derby,Chafer,dchafernj@usa.gov,Male,177.47.2.246
849,Gillian,Dytham,gdythamnk@hc360.com,Female,180.6.149.35
850,Gilbertina,Gyngell,ggyngellnl@house.gov,Agender,189.252.147.98
851,Yuma,Oguz,yoguznm@businessinsider.com,Male,99.40.9.167
852,Janetta,Strutt,jstruttnn@canalblog.com,Female,159.123.73.126
853,Tremain,Goney,tgoneyno@google.com,Genderfluid,71.64.99.228
854,Fiona,Silvester,fsilvesternp@hud.gov,Female,106.148.122.79
855,Loleta,Matveiko,lmatveikonq@weibo.com,Female,88.124.237.27
856,Silvano,Clapston,sclapstonnr@parallels.com,Male,83.60.217.178
857,Marion,Bulbrook,mbulbrookns@elpais.com,Male,110.142.245.77
858,Parnell,Fitzsimmons,pfitzsimmonsnt@vistaprint.com,Male,232.219.110.159
859,Ruthi,Cookson,rcooksonnu@arstechnica.com,Female,77.44.216.50
860,Sabina,Kidner,skidnernv@purevolume.com,Female,250.85.90.107
861,Forster,Degli Abbati,fdegliabbatinw@sohu.com,Bigender,20.112.210.61
862,Marcus,Monkman,mmonkmannx@is.gd,Male,253.201.103.188
863,Cheslie,Arlett,carlettny@shinystat.com,Bigender,79.187.236.197
864,Nady,Bittlestone,nbittlestonenz@hexun.com,Bigender,109.116.65.191
865,Rozanna,Tidcombe,rtidcombeo0@taobao.com,Non-binary,71.194.63.27
866,Teena,de Grey,tdegreyo1@deviantart.com,Female,102.75.237.107
867,Damian,Glanert,dglanerto2@flickr.com,Male,91.177.238.42
868,Jerad,Midlar,jmidlaro3@1688.com,Male,197.129.205.59
869,Davine,Blakey,dblakeyo4@mac.com,Female,64.71.125.34
870,Esme,Bellerby,ebellerbyo5@hugedomains.com,Genderqueer,219.44.108.245
871,Moyna,Wooldridge,mwooldridgeo6@trellian.com,Female,73.2.247.231
872,Catlin,Kennford,ckennfordo7@mysql.com,Female,177.128.210.115
873,Ado,Ackenhead,aackenheado8@slate.com,Male,164.31.73.252
874,Kessia,Toffaloni,ktoffalonio9@sourceforge.net,Female,72.245.121.127
875,Hugo,Gilchriest,hgilchriestoa@netscape.com,Male,18.56.243.252
876,Bobbie,Bauldrey,bbauldreyob@mapy.cz,Male,157.110.38.10
877,Lyn,Carroll,lcarrolloc@bluehost.com,Male,115.49.88.234
878,Garland,Turpin,gturpinod@spotify.com,Agender,14.99.79.14
879,Garrett,Elson,gelsonoe@ebay.co.uk,Male,1.69.240.235
880,Nydia,Alldre,nalldreof@technorati.com,Female,118.182.18.22
881,Jackie,Volker,jvolkerog@wsj.com,Female,48.177.156.170
882,Bjorn,Dungay,bdungayoh@de.vu,Male,23.223.168.141
883,Charlena,Sego,csegooi@hexun.com,Female,151.141.139.4
884,Titus,Ibbitt,tibbittoj@ocn.ne.jp,Male,22.41.100.177
885,Greg,Immins,gimminsok@businessweek.com,Male,195.15.29.23
886,Adelind,Meadowcraft,ameadowcraftol@csmonitor.com,Female,190.30.45.143
887,Yancey,Josefsohn,yjosefsohnom@spotify.com,Male,163.6.74.127
888,Charlena,Kinge,ckingeon@java.com,Female,180.28.86.190
889,Berny,Claiden,bclaidenoo@state.gov,Male,27.51.47.234
890,Molli,Wolver,mwolverop@elegantthemes.com,Female,224.67.15.172
891,Noemi,Battlestone,nbattlestoneoq@elegantthemes.com,Female,66.252.149.206
892,Herby,Skeat,hskeator@thetimes.co.uk,Polygender,18.22.107.252
893,Blaine,Postians,bpostiansos@bloglovin.com,Male,151.61.239.25
894,Agnesse,Bernholt,abernholtot@behance.net,Female,22.237.93.105
895,Noam,Haverson,nhaversonou@printfriendly.com,Male,18.174.197.22
896,Kimbra,Chessman,kchessmanov@harvard.edu,Female,13.170.2.200
897,Myrtle,De la Yglesias,mdelayglesiasow@meetup.com,Female,105.203.171.184
898,Dodie,Bear,dbearox@ezinearticles.com,Female,92.171.223.243
899,Dede,Teas,dteasoy@furl.net,Female,131.197.200.77
900,Tiffy,Corkel,tcorkeloz@bloglines.com,Female,234.233.58.70
901,Loree,Kellock,lkellockp0@admin.ch,Female,5.196.55.136
902,Orbadiah,Pigney,opigneyp1@cornell.edu,Male,47.1.128.187
903,Nessa,Desforges,ndesforgesp2@goo.ne.jp,Female,173.243.6.179
904,Pearline,Dukesbury,pdukesburyp3@about.com,Female,4.231.212.179
905,Erinna,Coling,ecolingp4@soundcloud.com,Female,106.163.70.145
906,Hershel,Kirsch,hkirschp5@bluehost.com,Male,22.197.77.139
907,Meggy,Lukas,mlukasp6@mac.com,Female,79.114.53.104
908,Lisabeth,Blasoni,lblasonip7@jigsy.com,Polygender,63.191.195.230
909,Rosana,Ashfold,rashfoldp8@hud.gov,Female,39.205.147.129
910,Aindrea,Crumbie,acrumbiep9@google.co.uk,Female,172.191.150.150
911,Leticia,Larking,llarkingpa@nasa.gov,Female,114.245.14.222
912,Coral,Rochester,crochesterpb@reverbnation.com,Female,141.26.79.95
913,Jonell,Farreil,jfarreilpc@disqus.com,Female,150.155.145.196
914,Melitta,Blanko,mblankopd@dailymail.co.uk,Female,230.48.28.223
915,Stern,Bineham,sbinehampe@home.pl,Male,152.122.114.96
916,Mayer,Moggie,mmoggiepf@vistaprint.com,Male,5.41.249.52
917,Catrina,Amis,camispg@goo.ne.jp,Female,139.241.133.155
918,Lennard,Warton,lwartonph@yahoo.com,Male,145.112.174.236
919,Gabby,Mirfield,gmirfieldpi@technorati.com,Male,81.54.63.53
920,Isadora,Tippell,itippellpj@foxnews.com,Female,119.107.18.124
921,Chrystel,Santorini,csantorinipk@omniture.com,Female,32.45.226.71
922,Verla,Spittles,vspittlespl@yellowbook.com,Female,59.187.239.111
923,Dino,Westmorland,dwestmorlandpm@shutterfly.com,Male,230.173.113.157
924,Valentino,Baynon,vbaynonpn@liveinternet.ru,Male,38.245.170.153
925,Olly,Fley,ofleypo@blogtalkradio.com,Male,242.10.80.95
926,Dal,Crosskill,dcrosskillpp@canalblog.com,Polygender,18.207.56.246
927,Frasquito,Kissock,fkissockpq@theglobeandmail.com,Male,49.49.26.49
928,Pyotr,Medlin,pmedlinpr@blogspot.com,Male,94.58.28.114
929,Woodie,Shimuk,wshimukps@goo.ne.jp,Male,235.252.138.216
930,Jasmina,Beumant,jbeumantpt@patch.com,Female,46.99.140.97
931,Bayard,Guillerman,bguillermanpu@abc.net.au,Male,15.110.75.83
932,Chevy,Kibbye,ckibbyepv@gravatar.com,Male,213.34.212.38
933,Chiarra,Skey,cskeypw@cbslocal.com,Female,4.118.231.180
934,Onofredo,Gerber,ogerberpx@statcounter.com,Polygender,182.224.250.33
935,Courtnay,Raoul,craoulpy@tinypic.com,Female,150.176.49.180
936,Fay,Puttock,fputtockpz@pagesperso-orange.fr,Female,91.221.207.242
937,Gibb,Petkovic,gpetkovicq0@zimbio.com,Male,161.84.97.109
938,Desiri,Goreisr,dgoreisrq1@is.gd,Female,97.156.213.110
939,Kaitlynn,Oaten,koatenq2@nytimes.com,Female,10.198.205.72
940,Opalina,Beart,obeartq3@issuu.com,Bigender,235.39.222.151
941,Anestassia,Astridge,aastridgeq4@nifty.com,Female,50.106.8.179
942,Ranice,Ouldred,rouldredq5@senate.gov,Female,106.253.8.16
943,Lawry,Newport,lnewportq6@spotify.com,Male,110.213.247.2
944,Sallyanne,Fisher,sfisherq7@icio.us,Female,26.253.130.152
945,Juditha,Lloyd,jlloydq8@google.co.uk,Female,99.48.47.77
946,Mathilde,Sarginson,msarginsonq9@t.co,Female,57.226.1.69
947,Maje,Grigolli,mgrigolliqa@cafepress.com,Male,110.250.179.108
948,Amelia,Gillan,agillanqb@alexa.com,Female,32.152.33.10
949,Herman,Gurden,hgurdenqc@uiuc.edu,Male,143.194.6.251
950,Darleen,Sizeland,dsizelandqd@cbc.ca,Female,53.135.43.16
951,Cathy,Dulany,cdulanyqe@vk.com,Genderqueer,224.85.160.162
952,Jeremiah,Burkinshaw,jburkinshawqf@marriott.com,Male,120.230.205.239
953,Sonja,Eacle,seacleqg@free.fr,Female,237.103.252.97
954,Rabi,Judson,rjudsonqh@shinystat.com,Male,177.249.198.153
955,Alick,Couche,acoucheqi@ed.gov,Male,34.241.200.220
956,Joanne,Kenion,jkenionqj@howstuffworks.com,Female,86.239.204.223
957,Tyrone,Litchfield,tlitchfieldqk@wsj.com,Male,113.201.161.154
958,Oralee,Smallshaw,osmallshawql@ameblo.jp,Female,38.90.132.36
959,Matthieu,Duthy,mduthyqm@ow.ly,Male,71.138.35.48
960,Abrahan,Teodori,ateodoriqn@addthis.com,Male,143.212.56.52
961,Ethan,Okenden,eokendenqo@dagondesign.com,Male,75.126.22.250
962,Arri,Spurriar,aspurriarqp@netlog.com,Male,97.33.104.116
963,Cale,Codeman,ccodemanqq@sun.com,Male,37.121.247.57
964,Field,Akester,fakesterqr@sbwire.com,Male,15.132.126.250
965,Gottfried,Medler,gmedlerqs@theglobeandmail.com,Male,14.57.103.148
966,Chlo,Croster,ccrosterqt@ucoz.com,Female,140.105.178.208
967,Arney,Duckwith,aduckwithqu@japanpost.jp,Male,158.131.114.60
968,Bette-ann,Georges,bgeorgesqv@icio.us,Bigender,105.18.220.192
969,Nelie,Millsom,nmillsomqw@facebook.com,Female,203.232.76.235
970,Curran,Hackforth,chackforthqx@surveymonkey.com,Male,111.103.124.218
971,Dominica,Frantzeni,dfrantzeniqy@bizjournals.com,Female,167.178.250.253
972,Arley,Roalfe,aroalfeqz@joomla.org,Male,63.193.40.215
973,Kerwin,Rousel,krouselr0@cbslocal.com,Male,174.103.206.237
974,Chevy,Donke,cdonker1@reference.com,Male,205.243.225.58
975,Page,Mattusov,pmattusovr2@sciencedirect.com,Male,98.104.224.251
976,Beverley,Cullivan,bcullivanr3@prlog.org,Female,163.98.0.125
977,Axe,Woollam,awoollamr4@pbs.org,Polygender,178.155.70.77
978,Rafferty,Harrild,rharrildr5@gov.uk,Male,195.169.136.243
979,Johny,Tesimon,jtesimonr6@ox.ac.uk,Male,215.224.210.51
980,Lazarus,Benitez,lbenitezr7@irs.gov,Male,242.8.10.62
981,Mortimer,Eschalotte,meschalotter8@cnet.com,Male,41.120.171.43
982,Roxanna,Pascho,rpaschor9@dropbox.com,Female,50.21.26.191
983,Flem,Harryman,fharrymanra@hc360.com,Male,115.53.240.126
984,Terence,Allerton,tallertonrb@quantcast.com,Male,215.13.35.116
985,Sibby,Meert,smeertrc@yandex.ru,Female,254.173.27.106
986,Milicent,Sexon,msexonrd@delicious.com,Female,208.235.51.125
987,Jerrilee,Maas,jmaasre@noaa.gov,Female,11.124.145.1
988,Terza,MacNally,tmacnallyrf@un.org,Female,142.254.131.121
989,Elaina,Geraldini,egeraldinirg@google.co.jp,Genderqueer,88.173.78.251
990,Lorrayne,Jauncey,ljaunceyrh@ucsd.edu,Female,41.140.176.54
991,Tristan,Bocke,tbockeri@globo.com,Male,90.251.169.76
992,Bern,Thormwell,bthormwellrj@wikia.com,Male,54.3.117.173
993,Ewart,Reuben,ereubenrk@zdnet.com,Male,213.111.172.159
994,Laverne,Maud,lmaudrl@indiegogo.com,Female,34.98.182.167
995,Tarah,Eddins,teddinsrm@nymag.com,Female,80.58.98.88
996,Iver,Gauthorpp,igauthorpprn@imgur.com,Male,54.246.225.106
997,Katrine,McCrackem,kmccrackemro@printfriendly.com,Female,32.117.224.115
998,Blinny,Greenard,bgreenardrp@sina.com.cn,Female,40.83.218.180
999,Twila,Greveson,tgrevesonrq@fastcompany.com,Female,49.120.186.224
1000,Ashlen,Westpfel,awestpfelrr@vinaora.com,Female,232.89.49.65
